pclass,category,survival_rate,survival_rate_pct
1,children,0.8333333333333334,83.33
1,men,0.4090909090909091,40.91
1,women,0.9444444444444444,94.44
2,children,0.6666666666666666,66.67
2,men,0.2,20.0
2,women,0.75,75.0
3,children,0.25,25.0
3,men,0.10344827586206896,10.34
3,women,0.45454545454545453,45.45
