feature,coefficient
LSTAT,-3.6116584152726467
RM,3.1452395637913804
DIS,-3.081907599924513
RAD,2.2514066558289825
PTRATIO,-2.037751512131363
NOX,-2.0223193971459907
TAX,-1.7670137777053423
B,1.129568314992559
CRIM,-1.0021353343041486
CHAS,0.7187384049735686
ZN,0.6962686220758467
INDUS,0.2780648451066999
AGE,-0.17604788350520556
