degree,R2
1,0.984682
2,0.991638
